{
	"credit": "Made with Blockbench",
	"texture_size": [32, 32],
	"textures": {
		"0": "musketmod:item/flintlock_musket",
		"1": "musketmod:item/scope_texture",
		"particle": "musketmod:item/flintlock_musket"
	},
	"elements": [
		{
			"from": [7.999, 0.999, 11.999],
			"to": [8.001, 3.001, 15.001],
			"rotation": {"angle": 0, "axis": "y", "origin": [8, 2, 12]},
			"faces": {
				"north": {"uv": [0, 0, 0.25, 0.25], "texture": "#0"},
				"east": {"uv": [1, 1, 0.25, 1.5], "texture": "#0"},
				"south": {"uv": [0, 0, 0.25, 0.25], "texture": "#0"},
				"west": {"uv": [0.25, 1, 1, 1.5], "texture": "#0"},
				"up": {"uv": [0, 0, 0.25, 0.25], "rotation": 180, "texture": "#0"},
				"down": {"uv": [0, 0, 0.25, 0.25], "rotation": 180, "texture": "#0"}
			}
		},
		{
			"from": [6.899, 2.9, -2.1],
			"to": [9.101, 6.1, -0.9],
			"rotation": {"angle": 0, "axis": "y", "origin": [1, 1, -5]},
			"faces": {
				"north": {"uv": [8.75, 0.25, 9.25, 1], "texture": "#0"},
				"east": {"uv": [7.25, 2.25, 7.5, 3], "texture": "#0"},
				"south": {"uv": [9.5, 0.25, 10, 1], "texture": "#0"},
				"west": {"uv": [4.5, 1.25, 4.75, 2], "texture": "#0"},
				"up": {"uv": [1.75, 1.5, 2.25, 1.75], "texture": "#0"},
				"down": {"uv": [2.5, 1.75, 3, 1.5], "texture": "#0"}
			}
		},
		{
			"from": [6.999, 3, -3],
			"to": [9.001, 6, 15],
			"rotation": {"angle": 0, "axis": "y", "origin": [1, 1, -5]},
			"faces": {
				"north": {"uv": [8, 0.25, 8.5, 1], "texture": "#0"},
				"east": {"uv": [3.25, 2.25, 7.75, 3], "texture": "#0"},
				"south": {"uv": [14.25, 1, 14.75, 1.75], "texture": "#0"},
				"west": {"uv": [4.25, 1.25, 8.75, 2], "texture": "#0"},
				"up": {"uv": [1.75, 1.25, 2.25, 5.75], "texture": "#0"},
				"down": {"uv": [2.5, 5.75, 3, 1.25], "texture": "#0"}
			}
		},
		{
			"from": [7, 3, 15],
			"to": [9, 6, 20],
			"rotation": {"angle": 22.5, "axis": "x", "origin": [8, 6, 15]},
			"faces": {
				"north": {"uv": [8.75, 3, 9.25, 2.25], "texture": "#0"},
				"east": {"uv": [12, 0.25, 13.25, 1], "texture": "#0"},
				"south": {"uv": [9.5, 2.25, 10, 3], "texture": "#0"},
				"west": {"uv": [10.5, 0.25, 11.75, 1], "texture": "#0"},
				"up": {"uv": [12.25, 1.25, 12.75, 2.5], "texture": "#0"},
				"down": {"uv": [15, 1.25, 15.5, 0.25], "texture": "#0"}
			}
		},
		{
			"from": [7, 1.31494, 18.47135],
			"to": [9, 5.31494, 24.47135],
			"rotation": {"angle": 22.5, "axis": "x", "origin": [8, 1.31494, 18.47135]},
			"faces": {
				"north": {"uv": [14.25, 0.25, 14.75, 1.25], "texture": "#0"},
				"east": {"uv": [10.5, 2.5, 12, 3.5], "texture": "#0"},
				"south": {"uv": [13.5, 0.25, 14, 1.25], "texture": "#0"},
				"west": {"uv": [10.5, 1.25, 12, 2.25], "texture": "#0"},
				"up": {"uv": [14.25, 0.25, 14.75, 1.75], "texture": "#0"},
				"down": {"uv": [15, 1.75, 15.5, 0.25], "texture": "#0"}
			}
		},
		{
			"from": [7, 4, -7],
			"to": [9, 6, -3],
			"rotation": {"angle": 0, "axis": "y", "origin": [7, 4, 2]},
			"faces": {
				"north": {"uv": [0.25, 0.25, 0.75, 0.75], "texture": "#0"},
				"east": {"uv": [7.75, 2.25, 8.75, 2.75], "texture": "#0"},
				"south": {"uv": [0.25, 0.25, 0.75, 0.75], "texture": "#0"},
				"west": {"uv": [3.25, 1.25, 4.25, 1.75], "texture": "#0"},
				"up": {"uv": [1.75, 0.25, 2.25, 1.25], "texture": "#0"},
				"down": {"uv": [2.5, 1.25, 3, 0.25], "texture": "#0"}
			}
		},
		{
			"from": [9.01, 4, 10],
			"to": [9.011, 8, 15],
			"rotation": {"angle": 0, "axis": "x", "origin": [9, 4.5, 13.5]},
			"faces": {
				"north": {"uv": [0, 0, 0.25025, 0.25], "texture": "#0"},
				"east": {"uv": [0.25, 1.75, 1.5, 2.75], "texture": "#0"},
				"south": {"uv": [0, 0, 0.25025, 0.25], "texture": "#0"},
				"west": {"uv": [1.5, 1.75, 0.25, 2.75], "texture": "#0"},
				"up": {"uv": [0, 0, 0.00025, 0.5], "texture": "#0"},
				"down": {"uv": [0, 0, 0.00025, 0.5], "texture": "#0"}
			}
		},
		{
			"from": [5.4, 6.9, 4.9],
			"to": [5.41, 9.1, 11.1],
			"rotation": {"angle": 0, "axis": "y", "origin": [6.5, 8, 11]},
			"faces": {
				"north": {"uv": [5, 8, 5, 9], "texture": "#1"},
				"east": {"uv": [2, 8, 5, 9], "texture": "#1"},
				"south": {"uv": [8, 8, 8, 9], "texture": "#1"},
				"west": {"uv": [5, 8, 8, 9], "texture": "#1"},
				"up": {"uv": [5, 8, 5, 5], "texture": "#1"},
				"down": {"uv": [5, 5, 5, 8], "texture": "#1"}
			}
		},
		{
			"from": [5.4, 9.099, 4.9],
			"to": [7.6, 9.109, 11.1],
			"rotation": {"angle": 0, "axis": "y", "origin": [6.5, 6.199, 11]},
			"faces": {
				"north": {"uv": [0, 11, 1, 11], "texture": "#1"},
				"east": {"uv": [-3, 11, 0, 11], "texture": "#1"},
				"south": {"uv": [4, 11, 5, 11], "texture": "#1"},
				"west": {"uv": [1, 11, 4, 11], "texture": "#1"},
				"up": {"uv": [1, 11, 0, 8], "texture": "#1"},
				"down": {"uv": [2, 8, 1, 11], "texture": "#1"}
			}
		},
		{
			"from": [5.4, 6.89, 4.9],
			"to": [7.6, 6.9, 11.1],
			"rotation": {"angle": 0, "axis": "y", "origin": [6.5, 3.99, 11]},
			"faces": {
				"north": {"uv": [1, 11, 0, 11], "texture": "#1"},
				"east": {"uv": [4, 11, 1, 11], "texture": "#1"},
				"south": {"uv": [5, 11, 4, 11], "texture": "#1"},
				"west": {"uv": [0, 11, -3, 11], "texture": "#1"},
				"up": {"uv": [0, 11, 1, 8], "texture": "#1"},
				"down": {"uv": [1, 8, 2, 11], "texture": "#1"}
			}
		},
		{
			"from": [6.88, 5.5, 12],
			"to": [7.88, 7.5, 12.01],
			"rotation": {"angle": 22.5, "axis": "z", "origin": [7.5, 6, 12]},
			"faces": {
				"north": {"uv": [0.5, 9.5, 1, 10.5], "texture": "#1"},
				"east": {"uv": [0.5, 9.5, 0.5, 10.5], "texture": "#1"},
				"south": {"uv": [1, 9.5, 1.5, 10.5], "texture": "#1"},
				"west": {"uv": [1, 9.5, 1, 10.5], "texture": "#1"},
				"up": {"uv": [1, 9.5, 0.5, 9.5], "rotation": 90, "texture": "#1"},
				"down": {"uv": [1.5, 9.5, 1, 9.5], "rotation": 270, "texture": "#1"}
			}
		},
		{
			"from": [7.6, 6.9, 4.9],
			"to": [7.61, 9.1, 11.1],
			"rotation": {"angle": 0, "axis": "y", "origin": [6.5, 8, 11]},
			"faces": {
				"north": {"uv": [5, 8, 5, 9], "texture": "#1"},
				"east": {"uv": [2, 8, 5, 9], "texture": "#1"},
				"south": {"uv": [8, 8, 8, 9], "texture": "#1"},
				"west": {"uv": [5, 8, 8, 9], "texture": "#1"},
				"up": {"uv": [5, 8, 5, 5], "texture": "#1"},
				"down": {"uv": [5, 5, 5, 8], "texture": "#1"}
			}
		},
		{
			"from": [5.5, 7, 5],
			"to": [7.5, 9, 17],
			"rotation": {"angle": 0, "axis": "y", "origin": [6.5, 8, 11]},
			"faces": {
				"north": {"uv": [6, 6, 7, 7], "texture": "#1"},
				"east": {"uv": [0, 6, 6, 7], "texture": "#1"},
				"south": {"uv": [13, 6, 14, 7], "texture": "#1"},
				"west": {"uv": [7, 6, 13, 7], "texture": "#1"},
				"up": {"uv": [7, 6, 6, 0], "texture": "#1"},
				"down": {"uv": [8, 0, 7, 6], "texture": "#1"}
			}
		},
		{
			"from": [5.4, 6.9, 10.09],
			"to": [7.6, 9.1, 10.1],
			"rotation": {"angle": 0, "axis": "y", "origin": [5.4, 6.9, 10.09]},
			"faces": {
				"north": {"uv": [2, 9, 3, 10], "texture": "#1"},
				"east": {"uv": [2, 9, 2, 10], "texture": "#1"},
				"south": {"uv": [3, 9, 4, 10], "texture": "#1"},
				"west": {"uv": [3, 9, 3, 10], "texture": "#1"},
				"up": {"uv": [3, 9, 2, 9], "texture": "#1"},
				"down": {"uv": [4, 9, 3, 9], "texture": "#1"}
			}
		}
	],
	"gui_light": "front",
	"overrides": [
		{"predicate": {"loaded": 1}, "model": "musketmod:item/musket_loaded"}
	],
	"display": {
		"thirdperson_righthand": {
			"rotation": [10, -13, 0],
			"translation": [1, 3.75, -5.5],
			"scale": [0.85, 0.85, 0.85]
		},
		"thirdperson_lefthand": {
			"rotation": [158, 0, 0],
			"translation": [0, 0.5, 16.5],
			"scale": [0.85, 0.85, 0.85]
		},
		"firstperson_righthand": {
			"translation": [1, 2, -5],
			"scale": [0.58, 0.58, 0.54]
		},
		"firstperson_lefthand": {
			"rotation": [45, 0, 0],
			"translation": [1, 5, -2],
			"scale": [0.58, 0.58, 0.54]
		},
		"ground": {
			"translation": [0, 5, -2.5],
			"scale": [0.8, 0.8, 0.8]
		},
		"gui": {
			"rotation": [30, 130, 0],
			"translation": [-0.5, 1.5, 0],
			"scale": [0.56, 0.56, 0.56]
		},
		"fixed": {
			"rotation": [0, 90, 0],
			"translation": [-4, 5, -2.5],
			"scale": [1.5, 1.5, 1.5]
		}
	},
	"groups": [
		0,
		1,
		2,
		3,
		4,
		5,
		6,
		{
			"name": "scope",
			"origin": [7.5, 6, 12],
			"color": 0,
			"children": [7, 8, 9, 10, 11, 12, 13]
		}
	]
}